FinanceEnterpriseGroup,GLTransactionInterface.RunGroup,GLTransactionInterface.SequenceNumber,AccountingEntity,Status,ToAccountingEntity,AccountCode,GeneralLedgerEvent,TransactionDate,Reference,Description,CurrencyCode,UnitsAmount,TransactionAmount,System,PostingDate,Project,FinanceDimension1,FinanceDimension3,DocumentNumber,GLTObjectID,Column1
AHF,202509_0090,1,90,0,90,100008,JE,45879,-309,8.31 Merch Fee-2712 Aultman Fo,USD,0,-124.99,GL,09/30/2025,               ,90000,     ,N282027,145728720,Global Ledger Transaction Interface created
AHF,202509_0090,2,90,0,90,100008,JE,45910,-329,Fashion Show CC P9            ,USD,0,15775,GL,09/30/2025,               ,90000,     ,N32801,145760183,Global Ledger Transaction Interface created
AHF,202509_0090,3,90,0,90,100008,JE,45879,-487,Credit Card P9                ,USD,0,124.98,GL,09/30/2025,               ,90000,     ,N3020185,145737595,Global Ledger Transaction Interface created
AHF,202509_0090,4,90,0,90,100008,JE,45879,-486,Credit Card P9                ,USD,0,50,GL,09/30/2025,               ,90000,     ,N3020184,145737594,Global Ledger Transaction Interface created
AHF,202509_0090,5,90,0,90,100008,JE,45879,-485,Credit Card P9                ,USD,0,4000,GL,09/30/2025,               ,90000,     ,N3020183,145737593,Global Ledger Transaction Interface created
AHF,202509_0090,6,90,0,90,100008,JE,45879,-484,Credit Card P9                ,USD,0,1000,GL,09/30/2025,               ,90000,     ,N3020182,145737592,Global Ledger Transaction Interface created
AHF,202509_0090,7,90,0,90,100008,JE,45879,-483,Credit Card P9                ,USD,0,250,GL,09/30/2025,               ,90000,     ,N3020181,145737591,Global Ledger Transaction Interface created
AHF,202509_0090,8,90,0,90,100008,JE,45879,-482,Credit Card P9                ,USD,0,1830,GL,09/30/2025,               ,90000,     ,N3020180,145737590,Global Ledger Transaction Interface created
AHF,202509_0090,9,90,0,90,100008,JE,45879,-481,Credit Card P9                ,USD,0,25,GL,09/30/2025,               ,90000,     ,N3020179,145737589,Global Ledger Transaction Interface created
AHF,202509_0090,10,90,0,90,100008,JE,45879,-480,Credit Card P9                ,USD,0,1285,GL,09/30/2025,               ,90000,     ,N3020178,145737588,Global Ledger Transaction Interface created
AHF,202509_0090,11,90,0,90,100008,JE,45879,-479,Credit Card P9                ,USD,0,100,GL,09/30/2025,               ,90000,     ,N3020177,145737587,Global Ledger Transaction Interface created
AHF,202509_0090,12,90,0,90,100008,JE,45879,-478,Credit Card P9                ,USD,0,51,GL,09/30/2025,               ,90000,     ,N3020176,145737586,Global Ledger Transaction Interface created
AHF,202509_0090,13,90,0,90,100008,JE,45879,-477,Credit Card P9                ,USD,0,1605,GL,09/30/2025,               ,90000,     ,N3020175,145737585,Global Ledger Transaction Interface created
AHF,202509_0090,14,90,0,90,100008,JE,45698,-51,CC Payment -TAF               ,USD,0,-3951.7,GL,09/30/2025,               ,90000,     ,I28023,145622818,Global Ledger Transaction Interface created
AHF,202509_0090,15,90,0,90,100008,AP,09/30/2025,       233-520-1,Cash Disbursement             ,USD,0,-42,AP,09/30/2025,               ,90000,     ,N52001,145493436,Global Ledger Transaction Interface created
AHF,202509_0090,16,90,0,90,100008,AP,09/25/2025,AP170-417-1,Summarized transaction        ,USD,0,-736.83,AP,09/25/2025,               ,90000,     ,N41701,145465789,Global Ledger Transaction Interface created
AHF,202509_0090,17,90,0,90,100008,AP,09/18/2025,       231-285-1,Cash Disbursement             ,USD,0,-428.44,AP,09/18/2025,               ,90000,     ,N28501,145388677,Global Ledger Transaction Interface created
AHF,202509_0090,18,90,0,90,100008,AP,45786,      1291-78-1,Cash Disbursement             ,USD,0,-5000,AP,45786,               ,90000,     ,N7801,145042377,Global Ledger Transaction Interface created
AHF,202509_0090,19,90,0,90,100008,AP,09/30/2025,      1048-519-1,Cash Disbursement             ,USD,0,-515.11,AP,09/30/2025,               ,91000,     ,N51901,145493166,Global Ledger Transaction Interface created
AHF,202509_0090,20,90,0,90,100008,JE,45910,-331,Angel Auction CC P9           ,USD,0,100,GL,09/30/2025,               ,91000,     ,N32803,145760185,Global Ledger Transaction Interface created
AHF,202509_0090,21,90,0,90,100008,JE,45910,-142,Angel Auction Bank Fees       ,USD,0,-27.85,GL,09/30/2025,               ,91000,     ,I13903,145757315,Global Ledger Transaction Interface created
AHF,202509_0090,22,90,0,90,105110,ZB,46000,GL190-3-8245,Auto Offset From Zone 10      ,USD,0,792.51,PR,46000,               ,91000,     ,I308245,145359123,Global Ledger Transaction Interface created
AHF,202509_0090,23,90,0,90,105110,ZB,09/26/2025,GL190-10-8806,Auto Offset From Zone 10      ,USD,0,763.66,PR,09/26/2025,               ,91000,     ,I1008806,145461249,Global Ledger Transaction Interface created
AHF,202509_0090,24,90,0,90,105110,ZB,45698,GL190-29-105,Auto Offset From Zone 10      ,USD,0,100,GL,09/30/2025,               ,91000,     ,I290105,145631838,Global Ledger Transaction Interface created
AHF,202509_0090,25,90,0,90,105110,ZB,45726,GL190-56-107,Auto Offset From Zone 10      ,USD,0,-70,GL,09/30/2025,               ,91000,     ,I560107,145642147,Global Ledger Transaction Interface created
AHF,202509_0090,26,90,0,90,105110,ZB,45879,GL190-302-191,Auto Offset From Zone 10      ,USD,0,225,GL,09/30/2025,               ,91000,     ,N3020191,145738665,Global Ledger Transaction Interface created
AHF,202509_0090,27,90,0,90,105110,ZB,45910,GL190-134-16,Auto Offset From Zone 10      ,USD,0,-384.62,GL,09/30/2025,               ,90000,     ,I134016,145756722,Global Ledger Transaction Interface created
AHF,202509_0090,28,90,0,90,105110,ZB,45910,GL190-133-19,Auto Offset From Zone 10      ,USD,0,-240,GL,09/30/2025,               ,90000,     ,I133019,145756714,Global Ledger Transaction Interface created
AHF,202509_0090,29,90,0,90,105110,ZB,45879,GL190-302-189,Auto Offset From Zone 10      ,USD,0,-10320.98,GL,09/30/2025,               ,90000,     ,N3020189,145738663,Global Ledger Transaction Interface created
AHF,202509_0090,30,90,0,90,105110,ZB,45879,GL190-125-276,Auto Offset From Zone 10      ,USD,0,-330,GL,09/30/2025,               ,90000,     ,I1250276,145746922,Global Ledger Transaction Interface created
AHF,202509_0090,31,90,0,90,105110,ZB,45879,GL190-116-67,Auto Offset From Zone 10      ,USD,0,54,GL,09/30/2025,               ,90000,     ,I116067,145729343,Global Ledger Transaction Interface created
AHF,202509_0090,32,90,0,90,105110,ZB,45848,GL190-258-4,Auto Offset From Zone 10      ,USD,0,-1250,GL,09/30/2025,               ,90000,     ,N25804,145718119,Global Ledger Transaction Interface created
AHF,202509_0090,33,90,0,90,105110,ZB,45848,GL190-111-196,Auto Offset From Zone 10      ,USD,0,-114.3,GL,09/30/2025,               ,90000,     ,I1110196,145725628,Global Ledger Transaction Interface created
AHF,202509_0090,34,90,0,90,105110,ZB,45726,GL190-76-36,Auto Offset From Zone 10      ,USD,0,-1498.4,GL,09/30/2025,               ,90000,     ,I76036,145663912,Global Ledger Transaction Interface created
AHF,202509_0090,35,90,0,90,105110,ZB,45726,GL190-56-115,Auto Offset From Zone 10      ,USD,0,-227.7,GL,09/30/2025,               ,90000,     ,I560115,145642155,Global Ledger Transaction Interface created
AHF,202509_0090,36,90,0,90,105110,ZB,45726,GL190-55-65,Auto Offset From Zone 10      ,USD,0,-327.22,GL,09/30/2025,               ,90000,     ,I55065,145642111,Global Ledger Transaction Interface created
AHF,202509_0090,37,90,0,90,105110,ZB,45698,GL190-38-84,Auto Offset From Zone 10      ,USD,0,-345,GL,09/30/2025,               ,90000,     ,I38084,145642069,Global Ledger Transaction Interface created
AHF,202509_0090,38,90,0,90,105110,ZB,45698,GL190-29-107,Auto Offset From Zone 10      ,USD,0,6500,GL,09/30/2025,               ,90000,     ,I290107,145631840,Global Ledger Transaction Interface created
AHF,202509_0090,39,90,0,90,105110,ZB,45667,GL190-17-142,Auto Offset From Zone 10      ,USD,0,-444.2,GL,09/30/2025,               ,90000,     ,I170142,145603184,Global Ledger Transaction Interface created
AHF,202509_0090,40,90,0,90,105110,ZB,45667,GL190-10-55,Auto Offset From Zone 10      ,USD,0,-228,GL,09/30/2025,               ,90000,     ,I10055,145516885,Global Ledger Transaction Interface created
AHF,202509_0090,41,90,0,90,105110,ZB,09/29/2025,GL190-75-287,Auto Offset From Zone 10      ,USD,0,-605.72,AP,09/29/2025,               ,90000,     ,I750287,145495289,Global Ledger Transaction Interface created
AHF,202509_0090,42,90,0,90,105110,ZB,09/24/2025,GL190-68-230,Auto Offset From Zone 10      ,USD,0,-40,AP,09/25/2025,               ,90000,     ,I680230,145474206,Global Ledger Transaction Interface created
AHF,202509_0090,43,90,0,90,105110,ZB,06/30/2025,GL190-434-199,Auto Offset From Zone 10      ,USD,0,318,AP,09/24/2025,               ,90000,     ,N4340199,145467454,Global Ledger Transaction Interface created
AHF,202509_0090,44,90,0,90,105110,ZB,09/26/2025,GL190-57-202,Auto Offset From Zone 10      ,USD,0,-58.47,AP,09/26/2025,               ,90000,     ,I570202,145458943,Global Ledger Transaction Interface created
AHF,202509_0090,45,90,0,90,105110,ZB,09/15/2025,GL190-55-276,Auto Offset From Zone 10      ,USD,0,-318,AP,09/23/2025,               ,90000,     ,I550276,145458681,Global Ledger Transaction Interface created
AHF,202509_0090,46,90,0,90,105110,ZB,09/30/2025,GL190-4-7347,Auto Offset From Zone 10      ,USD,0,779.13,PR,09/30/2025,               ,90000,     ,I407347,145436171,Global Ledger Transaction Interface created
AHF,202509_0090,47,90,0,90,105110,ZB,45261,GL190-360-246,Auto Offset From Zone 10      ,USD,0,-15.56,AP,09/19/2025,               ,90000,     ,N3600246,145405662,Global Ledger Transaction Interface created
AHF,202509_0090,48,90,0,90,105110,ZB,03/18/2024,GL190-272-255,Auto Offset From Zone 10      ,USD,0,-309.87,AP,09/16/2025,               ,90000,     ,N2720255,145382639,Global Ledger Transaction Interface created
AHF,202509_0090,49,90,0,90,105110,ZB,46000,GL190-226-4,Auto Offset From Zone 10      ,USD,0,-100.63,AP,09/13/2025,               ,90000,     ,N22604,145306443,Global Ledger Transaction Interface created
AHF,202509_0090,50,90,0,90,105110,ZB,08/31/2025,GL190-28-347,Auto Offset From Zone 10      ,USD,0,-0.79,AP,45970,               ,90000,     ,I280347,145206575,Global Ledger Transaction Interface created
AHF,202509_0090,51,90,0,90,105110,ZB,45815,GL190-6-88,Auto Offset From Zone 10      ,USD,0,-78.52,AP,45697,               ,90000,     ,I6088,145182055,Global Ledger Transaction Interface created
AHF,202509_0090,52,90,0,90,105110,ZB,45909,GL190-1-545,Auto Offset From Zone 10      ,USD,0,-7521.22,GL,09/30/2025,               ,90000,     ,I10545,145322799,Global Ledger Transaction Interface created
AHF,202509_0090,53,90,0,90,105110,ZB,08/17/2025,GL190-2-5502,Auto Offset From Zone 10      ,USD,0,-823.49,PR,45817,               ,90000,     ,I205502,145358211,Global Ledger Transaction Interface created
AHF,202509_0090,54,90,0,90,105110,ZB,46000,GL190-3-8243,Auto Offset From Zone 10      ,USD,0,-21930.1,PR,46000,               ,90000,     ,I308243,145359121,Global Ledger Transaction Interface created
AHF,202509_0090,55,90,0,90,105110,ZB,08/31/2025,GL190-6-4390,Auto Offset From Zone 10      ,USD,0,-625.5,PR,45666,               ,90000,     ,R604390,145360033,Global Ledger Transaction Interface created
AHF,202509_0090,56,90,0,90,105110,ZB,08/31/2025,GL190-7-1218,Auto Offset From Zone 10      ,USD,0,-190.5,PR,45666,               ,90000,     ,R701218,145360939,Global Ledger Transaction Interface created
AHF,202509_0090,57,90,0,90,105110,ZB,45786,GL190-16-446,Auto Offset From Zone 10      ,USD,0,-226.05,AP,45878,               ,90000,     ,I160446,145192051,Global Ledger Transaction Interface created
AHF,202509_0090,58,90,0,90,105110,ZB,46000,GL190-20-222,Auto Offset From Zone 10      ,USD,0,-58.47,AP,46000,               ,90000,     ,I200222,145196589,Global Ledger Transaction Interface created
AHF,202509_0090,59,90,0,90,105110,ZB,09/22/2025,GL190-6-1013,Auto Offset From Zone 10      ,USD,0,-2.68,GL,09/30/2025,               ,90000,     ,I601013,145415967,Global Ledger Transaction Interface created
AHF,202509_0090,60,90,0,90,105110,ZB,09/30/2025,GL190-5-1967,Auto Offset From Zone 10      ,USD,0,571.51,PR,09/30/2025,               ,90000,     ,I501967,145436232,Global Ledger Transaction Interface created
AHF,202509_0090,61,90,0,90,105110,ZB,09/23/2025,GL190-8-543,Auto Offset From Zone 10      ,USD,0,-7526.13,GL,09/30/2025,               ,90000,     ,I80543,145460861,Global Ledger Transaction Interface created
AHF,202509_0090,62,90,0,90,105110,ZB,45666,GL190-9-5329,Auto Offset From Zone 10      ,USD,0,-824.08,PR,09/20/2025,               ,90000,     ,I905329,145461117,Global Ledger Transaction Interface created
AHF,202509_0090,63,90,0,90,105110,ZB,09/26/2025,GL190-10-8804,Auto Offset From Zone 10      ,USD,0,-21947.37,PR,09/26/2025,               ,90000,     ,I1008804,145461247,Global Ledger Transaction Interface created
AHF,202509_0090,64,90,0,90,105110,ZB,09/15/2025,GL190-11-4674,Auto Offset From Zone 10      ,USD,0,-51.24,IC,09/15/2025,               ,90000,     ,I1104674,145609872,Global Ledger Transaction Interface created
AHF,202509_0090,65,90,0,90,105110,ZB,45818,GL190-88-875,Auto Offset From Zone 10      ,USD,0,-29.53,GL,09/30/2025,               ,90000,     ,I880875,145679493,Global Ledger Transaction Interface created
AHF,202509_0090,66,90,0,90,105110,ZB,45879,GL190-282-34,Auto Offset From Zone 10      ,USD,0,-112.03,GL,09/30/2025,               ,90000,     ,N282034,145729140,Global Ledger Transaction Interface created
AHF,202509_0090,67,90,0,90,105110,ZB,45910,GL190-325-4,Auto Offset From Zone 10      ,USD,0,6951,GL,09/30/2025,               ,90000,     ,N32504,145760555,Global Ledger Transaction Interface created
AHF,202509_0090,68,90,0,90,107280,JE,09/15/2025,-10630,Spread London Automatic GL141 ,USD,0,-8000,RJ,09/30/2025,               ,90000,     ,N1062901,145177034,Global Ledger Transaction Interface created
AHF,202509_0090,69,90,0,90,115460,JE,45848,-260,P9 Invest-Ault Donated Fnds   ,USD,0,8.35,GL,09/30/2025,               ,90000,     ,N25901,145717894,Global Ledger Transaction Interface created
AHF,202509_0090,70,90,0,90,200000,AC,46000,AP175-276-1,Accounts Payable Accrual      ,USD,0,-141.18,AP,09/16/2025,               ,90000,     ,N27601,145380637,Global Ledger Transaction Interface created
AHF,202509_0090,71,90,0,90,200000,AC,46000,AP175-258-2,Accounts Payable Accrual      ,USD,0,-328.19,AP,09/15/2025,               ,90000,     ,N25802,145370304,Global Ledger Transaction Interface created
AHF,202509_0090,72,90,0,90,200000,AC,46000,AP175-258-1,Accounts Payable Accrual      ,USD,0,-267.46,AP,09/15/2025,               ,90000,     ,N25801,145370303,Global Ledger Transaction Interface created
AHF,202509_0090,73,90,0,90,200000,AC,08/31/2025,AP175-99-1,Accounts Payable Accrual      ,USD,0,-42,AP,45786,               ,90000,     ,N9901,145057918,Global Ledger Transaction Interface created
AHF,202509_0090,74,90,0,90,200000,AP,45786,      1291-78-2,Payment Accrual               ,USD,0,5000,AP,45786,               ,90000,     ,N7802,145042378,Global Ledger Transaction Interface created
AHF,202509_0090,75,90,0,90,200000,AP,09/18/2025,       231-285-2,Payment Accrual               ,USD,0,428.44,AP,09/18/2025,               ,90000,     ,N28502,145388678,Global Ledger Transaction Interface created
AHF,202509_0090,76,90,0,90,200000,AP,09/25/2025,AP170-417-2,Summarized transaction        ,USD,0,736.83,AP,09/25/2025,               ,90000,     ,N41702,145465790,Global Ledger Transaction Interface created
AHF,202509_0090,77,90,0,90,200000,AP,09/30/2025,       233-520-2,Payment Accrual               ,USD,0,42,AP,09/30/2025,               ,90000,     ,N52002,145493437,Global Ledger Transaction Interface created
AHF,202509_0090,78,90,0,90,200000,AC,09/29/2025,AP175-571-1,Accounts Payable Accrual      ,USD,0,-54.38,AP,09/30/2025,               ,90000,     ,N57101,145500113,Global Ledger Transaction Interface created
AHF,202509_0090,79,90,0,90,200000,AP,09/30/2025,      1048-519-2,Payment Accrual               ,USD,0,515.11,AP,09/30/2025,               ,91000,     ,N51902,145493167,Global Ledger Transaction Interface created
AHF,202509_0090,80,90,0,90,200000,AC,04/13/2025,AP175-462-1,Accounts Payable Accrual      ,USD,0,-515.11,AP,09/25/2025,               ,91000,     ,N46201,145472035,Global Ledger Transaction Interface created
AHF,202509_0090,81,90,0,90,202030,PA,46000,PR198-3-7824,Summarized transaction        ,USD,0,-2736.67,PR,46000,               ,90000,     ,I307824,145102809,Global Ledger Transaction Interface created
AHF,202509_0090,82,90,0,90,202030,PA,09/26/2025,PR198-10-8405,Summarized transaction        ,USD,0,-2737.85,PR,09/26/2025,               ,90000,     ,I1008405,145453385,Global Ledger Transaction Interface created
AHF,202509_0090,83,90,0,90,202030,JE,09/23/2025,-524,9/26 TAF   FIT WITHHOLD       ,USD,0,2737.85,GL,09/30/2025,               ,90000,     ,I80516,145455244,Global Ledger Transaction Interface created
AHF,202509_0090,84,90,0,90,202030,JE,45909,-519,9/12 TAF   FIT WITHHOLD       ,USD,0,2736.67,GL,09/30/2025,               ,90000,     ,I10518,145104739,Global Ledger Transaction Interface created
AHF,202509_0090,85,90,0,90,202040,JE,09/23/2025,-528,9/26 TAF   OASDI - EMPLOYER   ,USD,0,1639.75,GL,09/30/2025,               ,90000,     ,I80520,145455248,Global Ledger Transaction Interface created
AHF,202509_0090,86,90,0,90,202040,JE,09/23/2025,-527,9/26 TAF   MEDICARE - EMPLOYER,USD,0,383.48,GL,09/30/2025,               ,90000,     ,I80519,145455247,Global Ledger Transaction Interface created
AHF,202509_0090,87,90,0,90,202040,JE,09/23/2025,-526,9/26 TAF   MEDICARE - EMPLOYEE,USD,0,383.48,GL,09/30/2025,               ,90000,     ,I80518,145455246,Global Ledger Transaction Interface created
AHF,202509_0090,88,90,0,90,202040,JE,09/23/2025,-525,9/26 TAF   FICA - EMPLOYEE    ,USD,0,1639.75,GL,09/30/2025,               ,90000,     ,I80517,145455245,Global Ledger Transaction Interface created
AHF,202509_0090,89,90,0,90,202040,JE,45909,-523,9/12 TAF   OASDI - EMPLOYER   ,USD,0,1638.44,GL,09/30/2025,               ,90000,     ,I10522,145104743,Global Ledger Transaction Interface created
AHF,202509_0090,90,90,0,90,202040,JE,45909,-522,9/12 TAF   MEDICARE - EMPLOYER,USD,0,383.17,GL,09/30/2025,               ,90000,     ,I10521,145104742,Global Ledger Transaction Interface created
AHF,202509_0090,91,90,0,90,202040,JE,45909,-521,9/12 TAF   MEDICARE - EMPLOYEE,USD,0,383.17,GL,09/30/2025,               ,90000,     ,I10520,145104741,Global Ledger Transaction Interface created
AHF,202509_0090,92,90,0,90,202040,JE,45909,-520,9/12 TAF   FICA - EMPLOYEE    ,USD,0,1638.44,GL,09/30/2025,               ,90000,     ,I10519,145104740,Global Ledger Transaction Interface created
AHF,202509_0090,93,90,0,90,202040,PA,09/13/2025,PR198-2-2535,Summarized transaction        ,USD,0,-2021.61,PR,45817,               ,90000,     ,I202535,145090854,Global Ledger Transaction Interface created
AHF,202509_0090,94,90,0,90,202040,PA,46000,PR198-3-7825,Summarized transaction        ,USD,0,-2021.61,PR,46000,               ,90000,     ,I307825,145102810,Global Ledger Transaction Interface created
AHF,202509_0090,95,90,0,90,202040,PA,09/20/2025,PR198-9-2425,Summarized transaction        ,USD,0,-2023.23,PR,09/20/2025,               ,90000,     ,I902425,145440871,Global Ledger Transaction Interface created
AHF,202509_0090,96,90,0,90,202040,PA,09/26/2025,PR198-10-8406,Summarized transaction        ,USD,0,-2023.23,PR,09/26/2025,               ,90000,     ,I1008406,145453386,Global Ledger Transaction Interface created
AHF,202509_0090,97,90,0,90,202060,JE,45909,-524,9/12 TAF   OHIO STATE INCOME T,USD,0,632.16,GL,09/30/2025,               ,90000,     ,I10523,145104744,Global Ledger Transaction Interface created
AHF,202509_0090,98,90,0,90,202060,PA,46000,PR198-3-7826,Summarized transaction        ,USD,0,-632.16,PR,46000,               ,90000,     ,I307826,145102811,Global Ledger Transaction Interface created
AHF,202509_0090,99,90,0,90,202060,PA,09/26/2025,PR198-10-8407,Summarized transaction        ,USD,0,-632.66,PR,09/26/2025,               ,90000,     ,I1008407,145453387,Global Ledger Transaction Interface created
AHF,202509_0090,100,90,0,90,202060,JE,09/23/2025,-529,9/26 TAF   OHIO STATE INCOME T,USD,0,632.66,GL,09/30/2025,               ,90000,     ,I80521,145455249,Global Ledger Transaction Interface created
AHF,202509_0090,101,90,0,90,202090,PA,46000,PR198-3-7827,Summarized transaction        ,USD,0,-58.47,PR,46000,               ,90000,     ,I307827,145102812,Global Ledger Transaction Interface created
AHF,202509_0090,102,90,0,90,202090,AD,46000,   3152448-20-191,    15993UNITED WAY  GREATER S,USD,0,53.47,AP,46000,               ,90000,     ,I200191,145111847,Global Ledger Transaction Interface created
AHF,202509_0090,103,90,0,90,202090,AD,46000,   3152501-20-192,    24173ARTS IN STARK        ,USD,0,5,AP,46000,               ,90000,     ,I200192,145111848,Global Ledger Transaction Interface created
AHF,202509_0090,104,90,0,90,202090,PA,09/26/2025,PR198-10-8408,Summarized transaction        ,USD,0,-58.47,PR,09/26/2025,               ,90000,     ,I1008408,145453388,Global Ledger Transaction Interface created
AHF,202509_0090,105,90,0,90,202090,AD,09/26/2025,   3157529-57-175,    15993UNITED WAY  GREATER S,USD,0,53.47,AP,09/26/2025,               ,90000,     ,I570175,145457370,Global Ledger Transaction Interface created
AHF,202509_0090,106,90,0,90,202090,AD,09/26/2025,   3157575-57-176,    24173ARTS IN STARK        ,USD,0,5,AP,09/26/2025,               ,90000,     ,I570176,145457371,Global Ledger Transaction Interface created
AHF,202509_0090,107,90,0,90,202145,JE,45848,-116,September Benefit Time Accrual,USD,0,28.7,GL,09/30/2025,               ,90000,     ,I10907,145723139,Global Ledger Transaction Interface created
AHF,202509_0090,108,90,0,90,202260,PA,46000,PR198-3-7828,Deduction accrual             ,USD,0,-120,PR,46000,               ,90000,     ,I307828,145102813,Global Ledger Transaction Interface created
AHF,202509_0090,109,90,0,90,202260,PA,09/26/2025,PR198-10-8409,Deduction accrual             ,USD,0,-120,PR,09/26/2025,               ,90000,     ,I1008409,145453389,Global Ledger Transaction Interface created
AHF,202509_0090,110,90,0,90,202260,JE,45910,-140,P9 FSA Reclass                ,USD,0,240,GL,09/30/2025,               ,90000,     ,I13307,145754554,Global Ledger Transaction Interface created
AHF,202509_0090,111,90,0,90,202270,PA,46000,PR198-3-7829,Deduction accrual             ,USD,0,-192.31,PR,46000,               ,90000,     ,I307829,145102814,Global Ledger Transaction Interface created
AHF,202509_0090,112,90,0,90,202270,PA,09/26/2025,PR198-10-8410,Deduction accrual             ,USD,0,-192.31,PR,09/26/2025,               ,90000,     ,I1008410,145453390,Global Ledger Transaction Interface created
AHF,202509_0090,113,90,0,90,202270,JE,45910,-141,P9 FSA Reclass                ,USD,0,384.62,GL,09/30/2025,               ,90000,     ,I13407,145754607,Global Ledger Transaction Interface created
AHF,202509_0090,114,90,0,90,202650,JE,45909,-518,9/12 TAF   CANTON CITY TAX    ,USD,0,109.17,GL,09/30/2025,               ,90000,     ,I10517,145104738,Global Ledger Transaction Interface created
AHF,202509_0090,115,90,0,90,202650,PA,46000,PR198-3-7830,Deduction accrual             ,USD,0,-109.17,PR,46000,               ,90000,     ,I307830,145102815,Global Ledger Transaction Interface created
AHF,202509_0090,116,90,0,90,202650,JE,09/23/2025,-523,9/26 TAF   CANTON CITY TAX    ,USD,0,109.16,GL,09/30/2025,               ,90000,     ,I80515,145455243,Global Ledger Transaction Interface created
AHF,202509_0090,117,90,0,90,202650,PA,09/26/2025,PR198-10-8411,Deduction accrual             ,USD,0,-109.16,PR,09/26/2025,               ,90000,     ,I1008411,145453391,Global Ledger Transaction Interface created
AHF,202509_0090,118,90,0,90,210000,PR,45817,PR198-2-3603,Expense accrual               ,USD,0,-27800.49,PR,45817,               ,90000,     ,I203603,145091922,Global Ledger Transaction Interface created
AHF,202509_0090,119,90,0,90,210000,PR,46000,PR198-3-8226,Deduction accrual             ,USD,0,27800.49,PR,46000,               ,90000,     ,I308226,145103211,Global Ledger Transaction Interface created
AHF,202509_0090,120,90,0,90,210000,PR,09/20/2025,PR198-9-3483,Expense accrual               ,USD,0,-27821.05,PR,09/20/2025,               ,90000,     ,I903483,145441929,Global Ledger Transaction Interface created
AHF,202509_0090,121,90,0,90,210000,PR,09/26/2025,PR198-10-8787,Deduction accrual             ,USD,0,27821.05,PR,09/26/2025,               ,90000,     ,I1008787,145453767,Global Ledger Transaction Interface created
AHF,202509_0090,122,90,0,90,211000,PR,08/31/2025,PR195-6-3888,Estimated payroll accrual     ,USD,0,625.5,PR,45666,               ,90000,     ,R603888,145157205,Global Ledger Transaction Interface created
AHF,202509_0090,123,90,0,90,211000,PR,08/31/2025,PR195-6-3889,Estimated payroll accrual     ,USD,-72.94,2114.11,PR,45666,               ,90000,     ,R603889,145157206,Global Ledger Transaction Interface created
AHF,202509_0090,124,90,0,90,211000,PR,08/31/2025,PR195-6-3890,Estimated payroll accrual     ,USD,-70.96,1903.43,PR,45666,               ,90000,     ,R603890,145157207,Global Ledger Transaction Interface created
AHF,202509_0090,125,90,0,90,211000,PR,08/31/2025,PR195-6-3891,Estimated payroll accrual     ,USD,-1.14,3.42,PR,45666,               ,90000,     ,R603891,145157208,Global Ledger Transaction Interface created
AHF,202509_0090,126,90,0,90,211000,PR,08/31/2025,PR195-7-829,Estimated payroll accrual     ,USD,0,182.85,PR,45666,               ,90000,     ,R70829,145158516,Global Ledger Transaction Interface created
AHF,202509_0090,127,90,0,90,211000,PR,08/31/2025,PR195-7-830,Estimated payroll accrual     ,USD,-11.2,662.29,PR,45666,               ,90000,     ,R70830,145158517,Global Ledger Transaction Interface created
AHF,202509_0090,128,90,0,90,211000,PR,09/30/2025,PR195-4-6858,Estimated payroll accrual     ,USD,0,-779.13,PR,09/30/2025,               ,90000,     ,I406858,145429521,Global Ledger Transaction Interface created
AHF,202509_0090,129,90,0,90,211000,PR,09/30/2025,PR195-4-6859,Estimated payroll accrual     ,USD,91.57,-2652.21,PR,09/30/2025,               ,90000,     ,I406859,145429522,Global Ledger Transaction Interface created
AHF,202509_0090,130,90,0,90,211000,PR,09/30/2025,PR195-4-6860,Estimated payroll accrual     ,USD,88.39,-2371.01,PR,09/30/2025,               ,90000,     ,I406860,145429523,Global Ledger Transaction Interface created
AHF,202509_0090,131,90,0,90,211000,PR,09/30/2025,PR195-4-6861,Estimated payroll accrual     ,USD,3.18,-9.57,PR,09/30/2025,               ,90000,     ,I406861,145429524,Global Ledger Transaction Interface created
AHF,202509_0090,132,90,0,90,211000,PR,09/30/2025,PR195-4-6862,Estimated payroll accrual     ,USD,0,-358.4,PR,09/30/2025,               ,90000,     ,I406862,145429525,Global Ledger Transaction Interface created
AHF,202509_0090,133,90,0,90,211000,PR,09/30/2025,PR195-4-6863,Estimated payroll accrual     ,USD,0,-150.98,PR,09/30/2025,               ,90000,     ,I406863,145429526,Global Ledger Transaction Interface created
AHF,202509_0090,134,90,0,90,211000,PR,09/30/2025,PR195-5-1532,Estimated payroll accrual     ,USD,0,-21.35,PR,09/30/2025,               ,90000,     ,I501532,145432213,Global Ledger Transaction Interface created
AHF,202509_0090,135,90,0,90,211000,PR,09/30/2025,PR195-5-1531,Estimated payroll accrual     ,USD,0,-1.59,PR,09/30/2025,               ,90000,     ,I501531,145432212,Global Ledger Transaction Interface created
AHF,202509_0090,136,90,0,90,211000,PR,09/30/2025,PR195-5-1530,Estimated payroll accrual     ,USD,0,-28.85,PR,09/30/2025,               ,90000,     ,I501530,145432211,Global Ledger Transaction Interface created
AHF,202509_0090,137,90,0,90,211000,PR,09/30/2025,PR195-5-1529,Estimated payroll accrual     ,USD,0,-70.13,PR,09/30/2025,               ,90000,     ,I501529,145432210,Global Ledger Transaction Interface created
AHF,202509_0090,138,90,0,90,211000,PR,09/30/2025,PR195-5-1528,Estimated payroll accrual     ,USD,1.68,-96.18,PR,09/30/2025,               ,90000,     ,I501528,145432209,Global Ledger Transaction Interface created
AHF,202509_0090,139,90,0,90,211000,PR,09/30/2025,PR195-5-1527,Estimated payroll accrual     ,USD,8.4,-480.9,PR,09/30/2025,               ,90000,     ,I501527,145432208,Global Ledger Transaction Interface created
AHF,202509_0090,140,90,0,90,211000,PR,09/30/2025,PR195-5-1526,Estimated payroll accrual     ,USD,6.72,-384.71,PR,09/30/2025,               ,90000,     ,I501526,145432207,Global Ledger Transaction Interface created
AHF,202509_0090,141,90,0,90,211000,PR,09/30/2025,PR195-5-1525,Estimated payroll accrual     ,USD,0,-19.99,PR,09/30/2025,               ,90000,     ,I501525,145432206,Global Ledger Transaction Interface created
AHF,202509_0090,142,90,0,90,211000,PR,09/30/2025,PR195-5-1524,Estimated payroll accrual     ,USD,0,-47.87,PR,09/30/2025,               ,90000,     ,I501524,145432205,Global Ledger Transaction Interface created
AHF,202509_0090,143,90,0,90,211000,PR,09/30/2025,PR195-5-1523,Estimated payroll accrual     ,USD,1.68,-83.28,PR,09/30/2025,               ,90000,     ,I501523,145432204,Global Ledger Transaction Interface created
AHF,202509_0090,144,90,0,90,211000,PR,09/30/2025,PR195-5-1522,Estimated payroll accrual     ,USD,11.76,-582.95,PR,09/30/2025,               ,90000,     ,I501522,145432203,Global Ledger Transaction Interface created
AHF,202509_0090,145,90,0,90,211000,PR,09/30/2025,PR195-5-1521,Estimated payroll accrual     ,USD,0,-81.78,PR,09/30/2025,               ,90000,     ,I501521,145432202,Global Ledger Transaction Interface created
AHF,202509_0090,146,90,0,90,211000,PR,09/30/2025,PR195-5-1520,Estimated payroll accrual     ,USD,0,-199.3,PR,09/30/2025,               ,90000,     ,I501520,145432201,Global Ledger Transaction Interface created
AHF,202509_0090,147,90,0,90,211000,PR,09/30/2025,PR195-5-1519,Estimated payroll accrual     ,USD,5.88,-355.98,PR,09/30/2025,               ,90000,     ,I501519,145432200,Global Ledger Transaction Interface created
AHF,202509_0090,148,90,0,90,211000,PR,09/30/2025,PR195-5-1518,Estimated payroll accrual     ,USD,2.52,-124.18,PR,09/30/2025,               ,90000,     ,I501518,145432199,Global Ledger Transaction Interface created
AHF,202509_0090,149,90,0,90,211000,PR,09/30/2025,PR195-5-1517,Estimated payroll accrual     ,USD,3.36,-147.8,PR,09/30/2025,               ,90000,     ,I501517,145432198,Global Ledger Transaction Interface created
AHF,202509_0090,150,90,0,90,211000,PR,09/30/2025,PR195-5-1516,Estimated payroll accrual     ,USD,13.44,-591.19,PR,09/30/2025,               ,90000,     ,I501516,145432197,Global Ledger Transaction Interface created
AHF,202509_0090,151,90,0,90,211000,PR,09/30/2025,PR195-5-1515,Estimated payroll accrual     ,USD,25.2,-1506.72,PR,09/30/2025,               ,90000,     ,I501515,145432196,Global Ledger Transaction Interface created
AHF,202509_0090,152,90,0,90,211000,PR,09/30/2025,PR195-5-1514,Estimated payroll accrual     ,USD,0,-548.57,PR,09/30/2025,               ,90000,     ,I501514,145432195,Global Ledger Transaction Interface created
AHF,202509_0090,153,90,0,90,211000,PR,08/31/2025,PR195-7-841,Estimated payroll accrual     ,USD,0,7.12,PR,45666,               ,90000,     ,R70841,145158528,Global Ledger Transaction Interface created
AHF,202509_0090,154,90,0,90,211000,PR,08/31/2025,PR195-7-840,Estimated payroll accrual     ,USD,0,0.53,PR,45666,               ,90000,     ,R70840,145158527,Global Ledger Transaction Interface created
AHF,202509_0090,155,90,0,90,211000,PR,08/31/2025,PR195-7-839,Estimated payroll accrual     ,USD,0,9.62,PR,45666,               ,90000,     ,R70839,145158526,Global Ledger Transaction Interface created
AHF,202509_0090,156,90,0,90,211000,PR,08/31/2025,PR195-7-838,Estimated payroll accrual     ,USD,0,23.66,PR,45666,               ,90000,     ,R70838,145158525,Global Ledger Transaction Interface created
AHF,202509_0090,157,90,0,90,211000,PR,08/31/2025,PR195-7-837,Estimated payroll accrual     ,USD,-5.6,324.09,PR,45666,               ,90000,     ,R70837,145158524,Global Ledger Transaction Interface created
AHF,202509_0090,158,90,0,90,211000,PR,08/31/2025,PR195-7-836,Estimated payroll accrual     ,USD,0,6.66,PR,45666,               ,90000,     ,R70836,145158523,Global Ledger Transaction Interface created
AHF,202509_0090,159,90,0,90,211000,PR,08/31/2025,PR195-7-835,Estimated payroll accrual     ,USD,0,15.96,PR,45666,               ,90000,     ,R70835,145158522,Global Ledger Transaction Interface created
AHF,202509_0090,160,90,0,90,211000,PR,08/31/2025,PR195-7-834,Estimated payroll accrual     ,USD,-4.48,222.08,PR,45666,               ,90000,     ,R70834,145158521,Global Ledger Transaction Interface created
AHF,202509_0090,161,90,0,90,211000,PR,08/31/2025,PR195-7-833,Estimated payroll accrual     ,USD,0,27.26,PR,45666,               ,90000,     ,R70833,145158520,Global Ledger Transaction Interface created
AHF,202509_0090,162,90,0,90,211000,PR,08/31/2025,PR195-7-832,Estimated payroll accrual     ,USD,0,66.43,PR,45666,               ,90000,     ,R70832,145158519,Global Ledger Transaction Interface created
AHF,202509_0090,163,90,0,90,211000,PR,08/31/2025,PR195-7-831,Estimated payroll accrual     ,USD,-5.6,246.32,PR,45666,               ,90000,     ,R70831,145158518,Global Ledger Transaction Interface created
AHF,202509_0090,164,90,0,90,211000,PR,08/31/2025,PR195-6-3893,Estimated payroll accrual     ,USD,0,120.62,PR,45666,               ,90000,     ,R603893,145157210,Global Ledger Transaction Interface created
AHF,202509_0090,165,90,0,90,211000,PR,08/31/2025,PR195-6-3892,Estimated payroll accrual     ,USD,0,286.25,PR,45666,               ,90000,     ,R603892,145157209,Global Ledger Transaction Interface created
AHF,202509_0090,166,90,0,90,440345,JE,45848,-262,P9 Invest-Ault Donated Fnds   ,USD,0,-5.15,GL,09/30/2025,               ,90020,     ,N25903,145717896,Global Ledger Transaction Interface created
AHF,202509_0090,167,90,0,90,440831,JE,45848,-261,P9 Invest-Ault Donated Fnds   ,USD,0,-3.2,GL,09/30/2025,               ,90020,     ,N25902,145717895,Global Ledger Transaction Interface created
AHF,202509_0090,168,90,0,90,460000,PA,46000,PR198-3-7837,Summarized transaction        ,USD,0,-28.86,PR,46000,               ,91010,     ,I307837,145102822,Global Ledger Transaction Interface created
AHF,202509_0090,169,90,0,90,460000,PA,46000,PR198-3-7831,Deduction accrual             ,USD,0,-28.85,PR,46000,               ,91010,     ,I307831,145102816,Global Ledger Transaction Interface created
AHF,202509_0090,170,90,0,90,460000,PA,46000,PR198-3-7832,Summarized transaction        ,USD,0,-28.86,PR,46000,               ,91010,     ,I307832,145102817,Global Ledger Transaction Interface created
AHF,202509_0090,171,90,0,90,460000,PA,46000,PR198-3-7833,Summarized transaction        ,USD,0,-19.24,PR,46000,               ,91010,     ,I307833,145102818,Global Ledger Transaction Interface created
AHF,202509_0090,172,90,0,90,460000,PA,46000,PR198-3-7834,Summarized transaction        ,USD,0,-600.12,PR,46000,               ,91010,     ,I307834,145102819,Global Ledger Transaction Interface created
AHF,202509_0090,173,90,0,90,460000,PA,46000,PR198-3-7835,Summarized transaction        ,USD,0,-76.96,PR,46000,               ,91010,     ,I307835,145102820,Global Ledger Transaction Interface created
AHF,202509_0090,174,90,0,90,460000,PA,46000,PR198-3-7836,Deduction accrual             ,USD,0,-9.62,PR,46000,               ,91010,     ,I307836,145102821,Global Ledger Transaction Interface created
AHF,202509_0090,175,90,0,90,460000,PA,09/26/2025,PR198-10-8412,Summarized transaction        ,USD,0,-28.86,PR,09/26/2025,               ,91010,     ,I1008412,145453392,Global Ledger Transaction Interface created
AHF,202509_0090,176,90,0,90,460000,PA,09/26/2025,PR198-10-8413,Summarized transaction        ,USD,0,-19.24,PR,09/26/2025,               ,91010,     ,I1008413,145453393,Global Ledger Transaction Interface created
AHF,202509_0090,177,90,0,90,460000,PA,09/26/2025,PR198-10-8414,Summarized transaction        ,USD,0,-600.12,PR,09/26/2025,               ,91010,     ,I1008414,145453394,Global Ledger Transaction Interface created
AHF,202509_0090,178,90,0,90,460000,PA,09/26/2025,PR198-10-8415,Summarized transaction        ,USD,0,-76.96,PR,09/26/2025,               ,91010,     ,I1008415,145453395,Global Ledger Transaction Interface created
AHF,202509_0090,179,90,0,90,460000,PA,09/26/2025,PR198-10-8416,Deduction accrual             ,USD,0,-9.62,PR,09/26/2025,               ,91010,     ,I1008416,145453396,Global Ledger Transaction Interface created
AHF,202509_0090,180,90,0,90,460000,PA,09/26/2025,PR198-10-8417,Summarized transaction        ,USD,0,-28.86,PR,09/26/2025,               ,91010,     ,I1008417,145453397,Global Ledger Transaction Interface created
AHF,202509_0090,181,90,0,90,460000,JE,45698,-75,Daniel & Jennifer Spring 09/11,USD,0,-100,GL,09/30/2025,               ,91010,     ,I29046,145622949,Global Ledger Transaction Interface created
AHF,202509_0090,182,90,0,90,460000,JE,45879,-489,RF ck 09/05 Elizabeth Myszka  ,USD,0,-225,GL,09/30/2025,               ,91010,     ,N3020187,145737597,Global Ledger Transaction Interface created
AHF,202509_0090,183,90,0,90,460010,JE,45698,-106,Aultman Hopsital Med Staff 09/,USD,0,-50,GL,09/30/2025,               ,90030,     ,I29077,145622980,Global Ledger Transaction Interface created
AHF,202509_0090,184,90,0,90,460010,JE,45698,-107,Aultman Hopsital Med Staff 09/,USD,0,-200,GL,09/30/2025,               ,90030,     ,I29078,145622981,Global Ledger Transaction Interface created
AHF,202509_0090,185,90,0,90,460010,JE,45698,-108,Aultman Hopsital Med Staff 09/,USD,0,-50,GL,09/30/2025,               ,90030,     ,I29079,145622982,Global Ledger Transaction Interface created
AHF,202509_0090,186,90,0,90,460080,JE,45910,-332,Angel Auction CC P9           ,USD,0,-100,GL,09/30/2025,               ,91010,     ,N32804,145760186,Global Ledger Transaction Interface created
AHF,202509_0090,187,90,0,90,490415,JE,45910,-327,Shoppes Profit J/E            ,USD,0,-6951,GL,09/30/2025,               ,90030,     ,N32502,145759633,Global Ledger Transaction Interface created
AHF,202509_0090,188,90,0,90,490417,JE,45698,-100,CSE Federal Credit Union 09/22,USD,0,-1000,GL,09/30/2025,               ,90035,     ,I29071,145622974,Global Ledger Transaction Interface created
AHF,202509_0090,189,90,0,90,490417,JE,45698,-103,DiDimone Patricia 09/25/25   ,USD,0,-150,GL,09/30/2025,               ,90035,     ,I29074,145622977,Global Ledger Transaction Interface created
AHF,202509_0090,190,90,0,90,490417,JE,45698,-104,National Football Museum Inc (,USD,0,-2500,GL,09/30/2025,               ,90035,     ,I29075,145622978,Global Ledger Transaction Interface created
AHF,202509_0090,191,90,0,90,490417,JE,45698,-105,Mullen Robert & Teresa 09/25/,USD,0,-1000,GL,09/30/2025,               ,90035,     ,I29076,145622979,Global Ledger Transaction Interface created
AHF,202509_0090,192,90,0,90,490417,JE,45698,-126,Ameriprise Financial (Emil & K,USD,0,-250,GL,09/30/2025,               ,90035,     ,I29097,145623000,Global Ledger Transaction Interface created
AHF,202509_0090,193,90,0,90,490417,JE,45910,-330,Fashion Show CC P9            ,USD,0,-15775,GL,09/30/2025,               ,90035,     ,N32802,145760184,Global Ledger Transaction Interface created
AHF,202509_0090,194,90,0,90,490417,JE,45698,-76,OrthoUnited Spectrum Campus 09,USD,0,-1000,GL,09/30/2025,               ,90035,     ,I29047,145622950,Global Ledger Transaction Interface created
AHF,202509_0090,195,90,0,90,490417,JE,45698,-77,Erma Smith 09/11/25           ,USD,0,-300,GL,09/30/2025,               ,90035,     ,I29048,145622951,Global Ledger Transaction Interface created
AHF,202509_0090,196,90,0,90,520211,PW,09/27/2025,PR198-9-5045,Expense accrual               ,USD,32,1831.95,PR,09/20/2025,               ,90070,     ,I905045,145443491,Global Ledger Transaction Interface created
AHF,202509_0090,197,90,0,90,520211,PW,09/13/2025,PR198-2-5247,Expense accrual               ,USD,80,4579.88,PR,45817,               ,90070,     ,I205247,145093566,Global Ledger Transaction Interface created
AHF,202509_0090,198,90,0,90,520211,PR,08/31/2025,PR195-7-849,Estimated payroll expense     ,USD,-5.6,-324.09,PR,45666,               ,90070,     ,R70849,145158536,Global Ledger Transaction Interface created
AHF,202509_0090,199,90,0,90,520211,PR,09/30/2025,PR195-5-1544,Estimated payroll expense     ,USD,6.72,384.71,PR,09/30/2025,               ,90070,     ,I501544,145432225,Global Ledger Transaction Interface created
AHF,202509_0090,200,90,0,90,520211,PR,09/30/2025,PR195-5-1533,Estimated payroll expense     ,USD,25.2,1506.72,PR,09/30/2025,               ,90020,     ,I501533,145432214,Global Ledger Transaction Interface created
AHF,202509_0090,201,90,0,90,520211,PW,09/13/2025,PR198-2-5239,Summarized transaction        ,USD,156,9264.26,PR,45817,               ,90020,     ,I205239,145093558,Global Ledger Transaction Interface created
AHF,202509_0090,202,90,0,90,520211,PR,08/31/2025,PR195-7-842,Estimated payroll expense     ,USD,-11.2,-662.29,PR,45666,               ,90020,     ,R70842,145158529,Global Ledger Transaction Interface created
AHF,202509_0090,203,90,0,90,520211,PW,09/27/2025,PR198-9-5036,Summarized transaction        ,USD,120,7174.87,PR,09/20/2025,               ,90020,     ,I905036,145443482,Global Ledger Transaction Interface created
AHF,202509_0090,204,90,0,90,520235,PW,45817,PR198-2-5240,Summarized transaction        ,USD,176.5,6359.31,PR,45817,               ,90020,     ,I205240,145093559,Global Ledger Transaction Interface created
AHF,202509_0090,205,90,0,90,520235,PR,08/31/2025,PR195-6-3894,Estimated payroll expense     ,USD,-72.94,-2114.11,PR,45666,               ,90020,     ,R603894,145157211,Global Ledger Transaction Interface created
AHF,202509_0090,206,90,0,90,520235,PR,08/31/2025,PR195-7-843,Estimated payroll expense     ,USD,-5.6,-246.32,PR,45666,               ,90020,     ,R70843,145158530,Global Ledger Transaction Interface created
AHF,202509_0090,207,90,0,90,520235,PR,09/30/2025,PR195-4-6864,Estimated payroll expense     ,USD,91.57,2652.21,PR,09/30/2025,               ,90020,     ,I406864,145429527,Global Ledger Transaction Interface created
AHF,202509_0090,208,90,0,90,520235,PW,09/20/2025,PR198-9-5037,Summarized transaction        ,USD,193,6550.64,PR,09/20/2025,               ,90020,     ,I905037,145443483,Global Ledger Transaction Interface created
AHF,202509_0090,209,90,0,90,520235,PR,09/30/2025,PR195-5-1534,Estimated payroll expense     ,USD,13.44,591.19,PR,09/30/2025,               ,90020,     ,I501534,145432215,Global Ledger Transaction Interface created
AHF,202509_0090,210,90,0,90,520235,PW,09/13/2025,PR198-2-5246,Expense accrual               ,USD,64,3172.53,PR,45817,               ,90060,     ,I205246,145093565,Global Ledger Transaction Interface created
AHF,202509_0090,211,90,0,90,520235,PR,08/31/2025,PR195-7-846,Estimated payroll expense     ,USD,-4.48,-222.08,PR,45666,               ,90060,     ,R70846,145158533,Global Ledger Transaction Interface created
AHF,202509_0090,212,90,0,90,520235,PR,09/30/2025,PR195-5-1540,Estimated payroll expense     ,USD,11.76,582.95,PR,09/30/2025,               ,90060,     ,I501540,145432221,Global Ledger Transaction Interface created
AHF,202509_0090,213,90,0,90,520235,PW,09/27/2025,PR198-9-5043,Expense accrual               ,USD,56,2775.97,PR,09/20/2025,               ,90060,     ,I905043,145443489,Global Ledger Transaction Interface created
AHF,202509_0090,214,90,0,90,520281,PW,08/25/2025,PR198-2-5241,Summarized transaction        ,USD,111,2977.9,PR,45817,               ,90020,     ,I205241,145093560,Global Ledger Transaction Interface created
AHF,202509_0090,215,90,0,90,520281,PR,08/31/2025,PR195-6-3895,Estimated payroll expense     ,USD,-70.96,-1903.43,PR,45666,               ,90020,     ,R603895,145157212,Global Ledger Transaction Interface created
AHF,202509_0090,216,90,0,90,520281,PR,09/30/2025,PR195-4-6865,Estimated payroll expense     ,USD,88.39,2371.01,PR,09/30/2025,               ,90020,     ,I406865,145429528,Global Ledger Transaction Interface created
AHF,202509_0090,217,90,0,90,520281,PW,45878,PR198-9-5038,Summarized transaction        ,USD,124.5,3339.42,PR,09/20/2025,               ,90020,     ,I905038,145443484,Global Ledger Transaction Interface created
AHF,202509_0090,218,90,0,90,520360,PW,45666,PR198-2-5242,Expense accrual               ,USD,2,79.83,PR,45817,               ,90020,     ,I205242,145093561,Global Ledger Transaction Interface created
AHF,202509_0090,219,90,0,90,520440,PW,45666,PR198-2-5243,Summarized transaction        ,USD,42.5,1163.67,PR,45817,               ,90020,     ,I205243,145093562,Global Ledger Transaction Interface created
AHF,202509_0090,220,90,0,90,520440,PR,09/30/2025,PR195-5-1535,Estimated payroll expense     ,USD,3.36,147.8,PR,09/30/2025,               ,90020,     ,I501535,145432216,Global Ledger Transaction Interface created
AHF,202509_0090,221,90,0,90,520440,PW,45666,PR198-9-5039,Expense accrual               ,USD,16,703.78,PR,09/20/2025,               ,90020,     ,I905039,145443485,Global Ledger Transaction Interface created
AHF,202509_0090,222,90,0,90,520440,JE,45848,-117,September Benefit Time Accrual,USD,0,-28.7,GL,09/30/2025,               ,90020,     ,I10908,145723140,Global Ledger Transaction Interface created
AHF,202509_0090,223,90,0,90,520440,PR,09/30/2025,PR195-5-1541,Estimated payroll expense     ,USD,1.68,83.28,PR,09/30/2025,               ,90060,     ,I501541,145432222,Global Ledger Transaction Interface created
AHF,202509_0090,224,90,0,90,520440,PW,45666,PR198-9-5044,Expense accrual               ,USD,8,396.56,PR,09/20/2025,               ,90060,     ,I905044,145443490,Global Ledger Transaction Interface created
AHF,202509_0090,225,90,0,90,520450,PR,09/30/2025,PR195-5-1545,Estimated payroll expense     ,USD,8.4,480.9,PR,09/30/2025,               ,90070,     ,I501545,145432226,Global Ledger Transaction Interface created
AHF,202509_0090,226,90,0,90,520450,PW,45697,PR198-9-5046,Expense accrual               ,USD,40,2289.9,PR,09/20/2025,               ,90070,     ,I905046,145443492,Global Ledger Transaction Interface created
AHF,202509_0090,227,90,0,90,520450,PR,09/30/2025,PR195-5-1536,Estimated payroll expense     ,USD,2.52,124.18,PR,09/30/2025,               ,90020,     ,I501536,145432217,Global Ledger Transaction Interface created
AHF,202509_0090,228,90,0,90,520450,PW,45725,PR198-9-5040,Expense accrual               ,USD,12,591.34,PR,09/20/2025,               ,90020,     ,I905040,145443486,Global Ledger Transaction Interface created
AHF,202509_0090,229,90,0,90,520450,PW,08/22/2025,PR198-2-5244,Expense accrual               ,USD,4,197.11,PR,45817,               ,90020,     ,I205244,145093563,Global Ledger Transaction Interface created
AHF,202509_0090,230,90,0,90,520460,PR,09/30/2025,PR195-5-1537,Estimated payroll expense     ,USD,5.88,355.98,PR,09/30/2025,               ,90020,     ,I501537,145432218,Global Ledger Transaction Interface created
AHF,202509_0090,231,90,0,90,520460,PW,45666,PR198-9-5041,Summarized transaction        ,USD,28,1695.14,PR,09/20/2025,               ,90020,     ,I905041,145443487,Global Ledger Transaction Interface created
AHF,202509_0090,232,90,0,90,520460,PW,45666,PR198-9-5047,Expense accrual               ,USD,8,457.98,PR,09/20/2025,               ,90070,     ,I905047,145443493,Global Ledger Transaction Interface created
AHF,202509_0090,233,90,0,90,520460,PR,09/30/2025,PR195-5-1546,Estimated payroll expense     ,USD,1.68,96.18,PR,09/30/2025,               ,90070,     ,I501546,145432227,Global Ledger Transaction Interface created
AHF,202509_0090,234,90,0,90,520480,JE,45667,-20,P9 Bonus Accrual Adjustment   ,USD,0,401.45,GL,09/30/2025,               ,90020,     ,I1703,145599641,Global Ledger Transaction Interface created
AHF,202509_0090,235,90,0,90,520500,PR,08/31/2025,PR195-6-3896,Estimated payroll expense     ,USD,-1.14,-3.42,PR,45666,               ,90020,     ,R603896,145157213,Global Ledger Transaction Interface created
AHF,202509_0090,236,90,0,90,520500,PR,09/30/2025,PR195-4-6866,Estimated payroll expense     ,USD,3.18,9.57,PR,09/30/2025,               ,90020,     ,I406866,145429529,Global Ledger Transaction Interface created
AHF,202509_0090,237,90,0,90,520500,PW,45939,PR198-9-5042,Expense accrual               ,USD,4.5,13.5,PR,09/20/2025,               ,90020,     ,I905042,145443488,Global Ledger Transaction Interface created
AHF,202509_0090,238,90,0,90,520500,JE,45879,-512,Kronos Hours Reclass          ,USD,-8.54,0,GL,09/30/2025,               ,90020,     ,I1130399,145728373,Global Ledger Transaction Interface created
AHF,202509_0090,239,90,0,90,520500,PW,45756,PR198-2-5245,Expense accrual               ,USD,2,6,PR,45817,               ,90020,     ,I205245,145093564,Global Ledger Transaction Interface created
AHF,202509_0090,240,90,0,90,622000,PD,09/13/2025,PR198-2-3386,Summarized transaction        ,USD,0,1452.04,PR,45817,               ,90020,     ,I203386,145091705,Global Ledger Transaction Interface created
AHF,202509_0090,241,90,0,90,622000,PR,08/31/2025,PR195-6-3897,Estimated payroll expense     ,USD,0,-286.25,PR,45666,               ,90020,     ,R603897,145157214,Global Ledger Transaction Interface created
AHF,202509_0090,242,90,0,90,622000,PR,08/31/2025,PR195-7-844,Estimated payroll expense     ,USD,0,-66.43,PR,45666,               ,90020,     ,R70844,145158531,Global Ledger Transaction Interface created
AHF,202509_0090,243,90,0,90,622000,PR,09/30/2025,PR195-4-6867,Estimated payroll expense     ,USD,0,358.4,PR,09/30/2025,               ,90020,     ,I406867,145429530,Global Ledger Transaction Interface created
AHF,202509_0090,244,90,0,90,622000,PR,09/30/2025,PR195-5-1538,Estimated payroll expense     ,USD,0,199.3,PR,09/30/2025,               ,90020,     ,I501538,145432219,Global Ledger Transaction Interface created
AHF,202509_0090,245,90,0,90,622000,PD,09/20/2025,PR198-9-3264,Summarized transaction        ,USD,0,1453.65,PR,09/20/2025,               ,90020,     ,I903264,145441710,Global Ledger Transaction Interface created
AHF,202509_0090,246,90,0,90,622000,JE,45667,-63,P9 Bonus Accrual Adjustment   ,USD,0,30.71,GL,09/30/2025,               ,90020,     ,I17046,145599684,Global Ledger Transaction Interface created
AHF,202509_0090,247,90,0,90,622000,PR,08/31/2025,PR195-7-850,Estimated payroll expense     ,USD,0,-23.66,PR,45666,               ,90070,     ,R70850,145158537,Global Ledger Transaction Interface created
AHF,202509_0090,248,90,0,90,622000,PR,09/30/2025,PR195-5-1547,Estimated payroll expense     ,USD,0,70.13,PR,09/30/2025,               ,90070,     ,I501547,145432228,Global Ledger Transaction Interface created
AHF,202509_0090,249,90,0,90,622000,PD,45666,PR198-9-3268,Summarized transaction        ,USD,0,334.05,PR,09/20/2025,               ,90070,     ,I903268,145441714,Global Ledger Transaction Interface created
AHF,202509_0090,250,90,0,90,622000,PD,09/13/2025,PR198-2-3388,Summarized transaction        ,USD,0,227.99,PR,45817,               ,90060,     ,I203388,145091707,Global Ledger Transaction Interface created
AHF,202509_0090,251,90,0,90,622000,PR,08/31/2025,PR195-7-847,Estimated payroll expense     ,USD,0,-15.96,PR,45666,               ,90060,     ,R70847,145158534,Global Ledger Transaction Interface created
AHF,202509_0090,252,90,0,90,622000,PR,09/30/2025,PR195-5-1542,Estimated payroll expense     ,USD,0,47.87,PR,09/30/2025,               ,90060,     ,I501542,145432223,Global Ledger Transaction Interface created
AHF,202509_0090,253,90,0,90,622000,PD,45666,PR198-9-3266,Summarized transaction        ,USD,0,227.98,PR,09/20/2025,               ,90060,     ,I903266,145441712,Global Ledger Transaction Interface created
AHF,202509_0090,254,90,0,90,622000,PD,09/13/2025,PR198-2-3390,Summarized transaction        ,USD,0,334.04,PR,45817,               ,90070,     ,I203390,145091709,Global Ledger Transaction Interface created
AHF,202509_0090,255,90,0,90,623300,PD,09/13/2025,PR198-2-3389,Expense accrual               ,USD,0,95.18,PR,45817,               ,90060,     ,I203389,145091708,Global Ledger Transaction Interface created
AHF,202509_0090,256,90,0,90,623300,PR,08/31/2025,PR195-7-848,Estimated payroll expense     ,USD,0,-6.66,PR,45666,               ,90060,     ,R70848,145158535,Global Ledger Transaction Interface created
AHF,202509_0090,257,90,0,90,623300,PR,09/30/2025,PR195-5-1543,Estimated payroll expense     ,USD,0,19.99,PR,09/30/2025,               ,90060,     ,I501543,145432224,Global Ledger Transaction Interface created
AHF,202509_0090,258,90,0,90,623300,PD,45666,PR198-9-3267,Expense accrual               ,USD,0,95.18,PR,09/20/2025,               ,90060,     ,I903267,145441713,Global Ledger Transaction Interface created
AHF,202509_0090,259,90,0,90,623300,PD,09/13/2025,PR198-2-3391,Expense accrual               ,USD,0,137.4,PR,45817,               ,90070,     ,I203391,145091710,Global Ledger Transaction Interface created
AHF,202509_0090,260,90,0,90,623300,PR,08/31/2025,PR195-7-851,Estimated payroll expense     ,USD,0,-9.62,PR,45666,               ,90070,     ,R70851,145158538,Global Ledger Transaction Interface created
AHF,202509_0090,261,90,0,90,623300,PR,09/30/2025,PR195-5-1548,Estimated payroll expense     ,USD,0,28.85,PR,09/30/2025,               ,90070,     ,I501548,145432229,Global Ledger Transaction Interface created
AHF,202509_0090,262,90,0,90,623300,PD,45666,PR198-9-3269,Expense accrual               ,USD,0,137.39,PR,09/20/2025,               ,90070,     ,I903269,145441715,Global Ledger Transaction Interface created
AHF,202509_0090,263,90,0,90,623300,PD,09/13/2025,PR198-2-3387,Summarized transaction        ,USD,0,598.45,PR,45817,               ,90020,     ,I203387,145091706,Global Ledger Transaction Interface created
AHF,202509_0090,264,90,0,90,623300,PR,08/31/2025,PR195-6-3898,Estimated payroll expense     ,USD,0,-120.62,PR,45666,               ,90020,     ,R603898,145157215,Global Ledger Transaction Interface created
AHF,202509_0090,265,90,0,90,623300,PR,08/31/2025,PR195-7-845,Estimated payroll expense     ,USD,0,-27.26,PR,45666,               ,90020,     ,R70845,145158532,Global Ledger Transaction Interface created
AHF,202509_0090,266,90,0,90,623300,PR,09/30/2025,PR195-4-6868,Estimated payroll expense     ,USD,0,150.98,PR,09/30/2025,               ,90020,     ,I406868,145429531,Global Ledger Transaction Interface created
AHF,202509_0090,267,90,0,90,623300,PR,09/30/2025,PR195-5-1539,Estimated payroll expense     ,USD,0,81.78,PR,09/30/2025,               ,90020,     ,I501539,145432220,Global Ledger Transaction Interface created
AHF,202509_0090,268,90,0,90,623300,PD,09/20/2025,PR198-9-3265,Summarized transaction        ,USD,0,599.06,PR,09/20/2025,               ,90020,     ,I903265,145441711,Global Ledger Transaction Interface created
AHF,202509_0090,269,90,0,90,623300,JE,45667,-106,P9 Bonus Accrual Adjustment   ,USD,0,12.04,GL,09/30/2025,               ,90020,     ,I17089,145599727,Global Ledger Transaction Interface created
AHF,202509_0090,270,90,0,90,700460,JE,45879,-194,Dept Transfers Non-Taxable    ,USD,0,35,GL,09/30/2025,               ,90020,     ,I125069,145737206,Global Ledger Transaction Interface created
AHF,202509_0090,271,90,0,90,700460,JE,45879,-192,Dept Transfers Non-Taxable    ,USD,0,60,GL,09/30/2025,               ,90020,     ,I125067,145737204,Global Ledger Transaction Interface created
AHF,202509_0090,272,90,0,90,700460,JE,45879,-175,Dept Transfers Non-Taxable    ,USD,0,35,GL,09/30/2025,               ,90020,     ,I125050,145737187,Global Ledger Transaction Interface created
AHF,202509_0090,273,90,0,90,700460,JE,45879,-150,Dept Transfers Non-Taxable    ,USD,0,60,GL,09/30/2025,               ,90020,     ,I125025,145737162,Global Ledger Transaction Interface created
AHF,202509_0090,274,90,0,90,700580,AD,08/20/2025,   3149929-6-47,    12101FEDERAL EXPRESS CORP ,USD,0,78.52,AP,45697,               ,90020,     ,I6047,144999704,Global Ledger Transaction Interface created
AHF,202509_0090,275,90,0,90,701140,AD,08/31/2025,   3153088-28-308,    47511ACCESS INFORMATION MA,USD,0,0.79,AP,45970,               ,90030,     ,I280308,145136315,Global Ledger Transaction Interface created
AHF,202509_0090,276,90,0,90,701260,JE,45698,-55,Corporate Credit Card         ,USD,0,14.99,GL,09/30/2025,               ,90020,     ,I28027,145622822,Global Ledger Transaction Interface created
AHF,202509_0090,277,90,0,90,701300,AD,45786,   3151625-16-422,    13484M CONLEY CO          ,USD,0,187.88,AP,45878,               ,90020,     ,I160422,145081066,Global Ledger Transaction Interface created
AHF,202509_0090,278,90,0,90,701350,JE,45726,-96,JOY BURCH                     ,USD,0,6.86,GL,09/30/2025,               ,90030,     ,I55041,145640401,Global Ledger Transaction Interface created
AHF,202509_0090,279,90,0,90,701350,JE,45726,-95,LISA ZELLERS                  ,USD,0,320.36,GL,09/30/2025,               ,90020,     ,I55040,145640400,Global Ledger Transaction Interface created
AHF,202509_0090,280,90,0,90,701450,JE,45910,-143,Angel Auction Bank Fees       ,USD,0,27.85,GL,09/30/2025,               ,91010,     ,I13904,145757316,Global Ledger Transaction Interface created
AHF,202509_0090,281,90,0,90,701450,JE,45879,-294,8.31 Merch Fee-1887 Generation,USD,0,112.03,GL,09/30/2025,               ,90020,     ,N282012,145728705,Global Ledger Transaction Interface created
AHF,202509_0090,282,90,0,90,701450,JE,45879,-295,8.31 Merch Fee-2712 Aultman Fo,USD,0,124.99,GL,09/30/2025,               ,90020,     ,N282013,145728706,Global Ledger Transaction Interface created
AHF,202509_0090,283,90,0,90,701900,JE,45698,-57,Corporate Credit Card         ,USD,0,40.19,GL,09/30/2025,               ,90020,     ,I28029,145622824,Global Ledger Transaction Interface created
AHF,202509_0090,284,90,0,90,701900,JE,45698,-59,Corporate Credit Card         ,USD,0,6.49,GL,09/30/2025,               ,90020,     ,I28031,145622826,Global Ledger Transaction Interface created
AHF,202509_0090,285,90,0,90,701900,JE,45698,-60,Corporate Credit Card         ,USD,0,43.36,GL,09/30/2025,               ,90020,     ,I28032,145622827,Global Ledger Transaction Interface created
AHF,202509_0090,286,90,0,90,701900,JE,45698,-65,Corporate Credit Card         ,USD,0,50.01,GL,09/30/2025,               ,90020,     ,I28037,145622832,Global Ledger Transaction Interface created
AHF,202509_0090,287,90,0,90,702110,AD,09/29/2025,   3159964-571-2,    31836NICOLE A BORBONUS    ,USD,0,54.38,AP,09/30/2025,               ,90020,     ,N57102,145500114,Global Ledger Transaction Interface created
AHF,202509_0090,288,90,0,90,702130,JE,45698,-52,Corporate Credit Card         ,USD,0,50,GL,09/30/2025,               ,90020,     ,I28024,145622819,Global Ledger Transaction Interface created
AHF,202509_0090,289,90,0,90,702130,JE,45698,-53,Corporate Credit Card         ,USD,0,37.77,GL,09/30/2025,               ,90020,     ,I28025,145622820,Global Ledger Transaction Interface created
AHF,202509_0090,290,90,0,90,702130,AD,46000,   3154590-258-3,    32592KMS 2000 INC         ,USD,0,267.46,AP,09/15/2025,               ,90035,     ,N25803,145370305,Global Ledger Transaction Interface created
AHF,202509_0090,291,90,0,90,702130,AD,46000,   3154591-258-4,    32592KMS 2000 INC         ,USD,0,328.19,AP,09/15/2025,               ,90035,     ,N25804,145370306,Global Ledger Transaction Interface created
AHF,202509_0090,292,90,0,90,702130,JE,45940,-341,TAF Reclass                   ,USD,0,700,GL,09/30/2025,               ,90035,     ,N34001,145772262,Global Ledger Transaction Interface created
AHF,202509_0090,293,90,0,90,702130,AD,04/13/2025,   3158292-462-2,    30530WDPN-AM/WDJQ-FM RADIO,USD,0,515.11,AP,09/25/2025,               ,91010,     ,N46202,145472036,Global Ledger Transaction Interface created
AHF,202509_0090,294,90,0,90,702130,JE,45879,-258,Dept Transfers Non-Taxable    ,USD,0,140,GL,09/30/2025,               ,90030,     ,I1250133,145737270,Global Ledger Transaction Interface created
AHF,202509_0090,295,90,0,90,702435,JE,45698,-68,Corporate Credit Card         ,USD,0,2095.64,GL,09/30/2025,               ,90020,     ,I28040,145622835,Global Ledger Transaction Interface created
AHF,202509_0090,296,90,0,90,702435,JE,45698,-67,Corporate Credit Card         ,USD,0,148.56,GL,09/30/2025,               ,90020,     ,I28039,145622834,Global Ledger Transaction Interface created
AHF,202509_0090,297,90,0,90,702435,JE,45698,-66,Corporate Credit Card         ,USD,0,86.45,GL,09/30/2025,               ,90020,     ,I28038,145622833,Global Ledger Transaction Interface created
AHF,202509_0090,298,90,0,90,702435,JE,45698,-71,Corporate Credit Card         ,USD,0,32.97,GL,09/30/2025,               ,90020,     ,I28043,145622838,Global Ledger Transaction Interface created
AHF,202509_0090,299,90,0,90,702435,AD,09/15/2025,   3154963-272-237,    17353VIVIAN LEGGETT       ,USD,0,309.87,AP,09/16/2025,               ,90020,     ,N2720237,145380600,Global Ledger Transaction Interface created
AHF,202509_0090,300,90,0,90,702435,JE,45698,-70,Corporate Credit Card         ,USD,0,400,GL,09/30/2025,               ,90020,     ,I28042,145622837,Global Ledger Transaction Interface created
AHF,202509_0090,301,90,0,90,702435,JE,45698,-69,Corporate Credit Card         ,USD,0,40,GL,09/30/2025,               ,90020,     ,I28041,145622836,Global Ledger Transaction Interface created
AHF,202509_0090,302,90,0,90,702435,AD,09/29/2025,   3159629-75-268,    45094ERIC BELDEN          ,USD,0,605.72,AP,09/29/2025,               ,90020,     ,I750268,145493902,Global Ledger Transaction Interface created
AHF,202509_0090,303,90,0,90,702435,AD,09/25/2025,   3158309-68-205,    40760BENJAMIN ALDERFER    ,USD,0,40,AP,09/25/2025,               ,90020,     ,I680205,145471912,Global Ledger Transaction Interface created
AHF,202509_0090,304,90,0,90,702435,AD,46000,   3157602-434-176,    17353VIVIAN LEGGETT       ,USD,0,-318,AP,09/24/2025,               ,90020,     ,N4340176,145466202,Global Ledger Transaction Interface created
AHF,202509_0090,305,90,0,90,702435,JE,45698,-54,Corporate Credit Card         ,USD,0,10,GL,09/30/2025,               ,90020,     ,I28026,145622821,Global Ledger Transaction Interface created
AHF,202509_0090,306,90,0,90,702435,JE,45698,-56,Corporate Credit Card         ,USD,0,51.5,GL,09/30/2025,               ,90020,     ,I28028,145622823,Global Ledger Transaction Interface created
AHF,202509_0090,307,90,0,90,702435,JE,45698,-58,Corporate Credit Card         ,USD,0,647.25,GL,09/30/2025,               ,90020,     ,I28030,145622825,Global Ledger Transaction Interface created
AHF,202509_0090,308,90,0,90,702435,JE,45848,-259,Elizabeth Aultman Harter Schol,USD,0,1250,GL,09/30/2025,               ,90020,     ,N25801,145699889,Global Ledger Transaction Interface created
AHF,202509_0090,309,90,0,90,702435,JE,45940,-342,TAF Reclass                   ,USD,0,-700,GL,09/30/2025,               ,90020,     ,N34002,145772263,Global Ledger Transaction Interface created
AHF,202509_0090,310,90,0,90,702435,JE,45698,-64,Corporate Credit Card         ,USD,0,51.64,GL,09/30/2025,               ,90020,     ,I28036,145622831,Global Ledger Transaction Interface created
AHF,202509_0090,311,90,0,90,702435,JE,45698,-63,Corporate Credit Card         ,USD,0,37.83,GL,09/30/2025,               ,90020,     ,I28035,145622830,Global Ledger Transaction Interface created
AHF,202509_0090,312,90,0,90,702435,JE,45726,-97,Media Services Chargeout      ,USD,0,54.7,GL,09/30/2025,               ,90020,     ,I56041,145641047,Global Ledger Transaction Interface created
AHF,202509_0090,313,90,0,90,702435,JE,45698,-61,Corporate Credit Card         ,USD,0,66.57,GL,09/30/2025,               ,90020,     ,I28033,145622828,Global Ledger Transaction Interface created
AHF,202509_0090,314,90,0,90,702435,AD,46000,   3157602-55-260,    17353VIVIAN LEGGETT       ,USD,0,318,AP,09/23/2025,               ,90020,     ,I550260,145457086,Global Ledger Transaction Interface created
AHF,202509_0090,315,90,0,90,730120,JE,09/15/2025,-10631,Spread London Automatic GL141 ,USD,0,8000,RJ,09/30/2025,               ,90020,     ,N1062902,145177035,Global Ledger Transaction Interface created
AHF,202509_0090,316,90,0,90,730330,JE,45818,-899,B415                          ,USD,0,29.53,GL,09/30/2025,               ,90020,     ,I880811,145678664,Global Ledger Transaction Interface created
AHF,202509_0090,317,90,0,90,732000,AD,45786,   3152138-16-423,    40178OFFICE360            ,USD,0,38.17,AP,45878,               ,90020,     ,I160423,145081067,Global Ledger Transaction Interface created
AHF,202509_0090,318,90,0,90,732000,JE,09/22/2025,-921,YEQ125759                     ,USD,0,2.68,GL,09/30/2025,               ,90020,     ,I60915,145415158,Global Ledger Transaction Interface created
AHF,202509_0090,319,90,0,90,732000,IS,09/15/2025,-4598,35576,USD,0,51.24,IC,09/15/2025,               ,90020,     ,I1104587,145551152,Global Ledger Transaction Interface created
AHF,202509_0090,320,90,0,90,732000,AD,09/18/2025,   3156562-360-229,    40178OFFICE360            ,USD,0,15.56,AP,09/19/2025,               ,90020,     ,N3600229,145402852,Global Ledger Transaction Interface created
AHF,202509_0090,321,90,0,90,732000,AD,08/31/2025,   3151421-99-2,    15205SAND ROCK MINERAL WAT,USD,0,42,AP,45786,               ,90020,     ,N9902,145057919,Global Ledger Transaction Interface created
AHF,202509_0090,322,90,0,90,733000,AD,46000,   3155040-276-2,    32592KMS 2000 INC         ,USD,0,141.18,AP,09/16/2025,               ,90020,     ,N27602,145380638,Global Ledger Transaction Interface created
AHF,202509_0090,323,90,0,90,733000,JE,45667,-48,Color copier P9               ,USD,0,228,GL,09/30/2025,               ,90030,     ,I10038,145507269,Global Ledger Transaction Interface created
AHF,202509_0090,324,90,0,90,733000,JE,45698,-87,Print Shop Chargeout          ,USD,0,345,GL,09/30/2025,               ,90030,     ,I38049,145627174,Global Ledger Transaction Interface created
AHF,202509_0090,325,90,0,90,733000,JE,45726,-129,Media Services Chargeout      ,USD,0,173,GL,09/30/2025,               ,90030,     ,I56073,145641079,Global Ledger Transaction Interface created
AHF,202509_0090,326,90,0,90,733000,JE,45726,-75,Media Services Chargeout      ,USD,0,70,GL,09/30/2025,               ,91010,     ,I56019,145641025,Global Ledger Transaction Interface created
AHF,202509_0090,327,90,0,90,734080,JE,45726,-105,offset catering per 0925      ,USD,0,122.4,GL,09/30/2025,               ,90070,     ,I76029,145658864,Global Ledger Transaction Interface created
AHF,202509_0090,328,90,0,90,734080,JE,45726,-104,offset catering per 0925      ,USD,0,1376,GL,09/30/2025,               ,90030,     ,I76028,145658863,Global Ledger Transaction Interface created
AHF,202509_0090,329,90,0,90,734080,JE,45698,-62,Corporate Credit Card         ,USD,0,40.48,GL,09/30/2025,               ,90020,     ,I28034,145622829,Global Ledger Transaction Interface created
AHF,202509_0090,330,90,0,90,736020,JE,45848,-236,Jodi Luntz                    ,USD,0,38.1,GL,09/30/2025,               ,90060,     ,I1110125,145725138,Global Ledger Transaction Interface created
AHF,202509_0090,331,90,0,90,736020,JE,45879,-151,Jodi Luntz                    ,USD,0,-54,GL,09/30/2025,               ,90060,     ,I116035,145729217,Global Ledger Transaction Interface created
AHF,202509_0090,332,90,0,90,736020,JE,45848,-234,Vi Leggett                    ,USD,0,38.1,GL,09/30/2025,               ,90020,     ,I1110123,145725136,Global Ledger Transaction Interface created
AHF,202509_0090,333,90,0,90,736020,JE,45848,-235,Benjamin Alderfer             ,USD,0,38.1,GL,09/30/2025,               ,90020,     ,I1110124,145725137,Global Ledger Transaction Interface created
AHF,202509_0090,334,90,0,90,739010,AD,46000,   3154231-226-2,    17353VIVIAN LEGGETT       ,USD,0,100.63,AP,09/13/2025,               ,90020,     ,N22602,145145062,Global Ledger Transaction Interface created
